"","ps_partkey","value1"
"1",12098,16227681.21
"2",5134,15709338.52
"3",13334,15023662.41
"4",17052,14351644.2
"5",3452,14070870.14
"6",12552,13332469.18
"7",1084,13170428.29
"8",5797,13038622.72
"9",12633,12892561.61
"10",403,12856217.34
"11",1833,12024581.72
"12",2084,11502875.36
"13",17349,11354213.05
"14",18427,11282385.24
"15",2860,11262529.95
"16",17852,10934711.93
"17",9871,10889253.68
"18",12231,10841131.39
"19",6366,10759786.81
"20",12146,10257362.66
"21",5043,10226395.88
"22",12969,10125777.93
"23",1504,10004397.08
"24",14327,9981697.08
"25",134,9965150.66
"26",6860,9805871.26
"27",10624,9776138.4
"28",15819,9775705.31
"29",3293,9674928.12
"30",19865,9653766.83
"31",8870,9648981.87
"32",15778,9636332.82
"33",12360,9635023.92
"34",14389,9475588.34
"35",3257,9451029.24
"36",9476,9435207.28
"37",19629,9391236.4
"38",7179,9386222.25
"39",15723,9383900.8
"40",4054,9313810.02
"41",2380,9307751.22
"42",19084,9302916.8
"43",4703,9280804.8
"44",18791,9267017.97
"45",19994,9235972.92
"46",9149,9121803.9
"47",15118,9120819.5
"48",6116,9079369.2
"49",7052,9077468.92
"50",14147,9069193.78
"51",7305,9035228.53
"52",9130,9024379.25
"53",16698,8991337.95
"54",1553,8977226.1
"55",16777,8961355.62
"56",1402,8953779.12
"57",18963,8934063.4
"58",8358,8930611.48
"59",17547,8860117
"60",5128,8844222.75
"61",17063,8840649.6
"62",15490,8833581.4
"63",14761,8817240.56
"64",19601,8791341.02
"65",16160,8740262.76
"66",13597,8702669.82
"67",13653,8693170.16
"68",16383,8691505.92
"69",325,8667741.28
"70",8879,8667584.38
"71",10564,8667098.22
"72",17429,8661827.9
"73",17403,8643350.3
"74",18294,8616583.43
"75",4181,8592684.66
"76",13008,8567480.64
"77",13211,8537000.01
"78",1884,8532644.34
"79",11101,8530945.32
"80",11562,8528028.57
"81",15878,8523591.84
"82",834,8522135.27
"83",2423,8517902.85
"84",15383,8513433.11
"85",18119,8507611.8
"86",7389,8506099.2
"87",5016,8489784.15
"88",17473,8444766.24
"89",6669,8428618.46
"90",384,8418472.27
"91",12052,8411519.28
"92",17562,8409022.83
"93",8128,8379149.47
"94",13813,8374830.84
"95",12800,8318626.78
"96",10887,8315019.36
"97",1644,8285453.08
"98",16638,8274568
"99",1394,8255140.6
"100",7219,8254985.3
"101",13358,8253829.8
"102",5562,8252365.16
"103",14861,8242296.15
"104",15416,8196621.53
"105",1963,8192206.61
"106",2841,8148678.45
"107",6635,8122918.28
"108",3609,8099812.05
"109",6372,8093695.06
"110",5231,8091704.18
"111",8755,8085017.03
"112",4071,8083755.18
"113",4977,8058501.72
"114",11873,8057540.3
"115",12127,8051142.94
"116",2401,8049525.94
"117",15964,8037547.75
"118",10129,8030855.04
"119",7605,8028622.42
"120",9327,8022291.3
"121",11814,7983589.59
"122",4646,7981660.6
"123",6032,7981511.28
"124",1076,7977074.75
"125",4043,7971929.9
"126",8932,7967222.19
"127",13705,7953344.52
"128",16855,7923819
"129",3234,7920022
"130",17752,7901362.77
"131",2097,7892993.17
"132",18599,7890774.4
"133",19596,7874564.59
"134",11392,7861172.48
"135",18121,7857581.6
"136",17452,7838465.36
"137",6076,7821316.8
"138",15134,7804760.25
"139",8641,7802917.15
"140",2134,7800185.43
"141",16352,7797112
"142",19312,7775952.24
"143",2895,7759327.23
"144",12860,7758135.21
"145",153,7755681.28
"146",15089,7735438.26
"147",14797,7725353.16
"148",15946,7722773.88
"149",10919,7722425.36
"150",9867,7721597.78
"151",11881,7713136.42
"152",16552,7708518.15
"153",6925,7703999.68
"154",12147,7703826.98
"155",8923,7702690.28
"156",16116,7697970.84
"157",10661,7673830.2
"158",17094,7665368.16
"159",18648,7650862.02
"160",12172,7641326.4
"161",15123,7633032.5
"162",4993,7600570.8
"163",17162,7592062.56
"164",13506,7580809.83
"165",3436,7575616.33
"166",6271,7559793.93
"167",13314,7555156.63
"168",17242,7550949.5
"169",2753,7549574.06
"170",7391,7543159.68
"171",7418,7541449.65
"172",116,7520874.24
"173",12436,7520234.54
"174",1181,7494798.28
"175",12963,7491248.1
"176",213,7479470.28
"177",7114,7477681.2
"178",18521,7476478.3
"179",8973,7458603.67
"180",4202,7454095.74
"181",12009,7442105.4
"182",10609,7429346.4
"183",5622,7424142.66
"184",5143,7422760.28
"185",898,7414133.8
"186",12257,7408190.63
"187",6740,7400350.35
"188",1146,7394394.48
"189",5485,7378181.94
"190",8437,7376353.59
"191",6531,7362366.78
"192",16463,7362106.8
"193",10412,7359552.42
"194",12857,7340801.58
"195",12354,7332343.2
"196",7616,7320032.37
"197",3426,7312340.41
"198",8622,7307266.33
"199",6818,7304782.1
"200",3705,7299380.1
"201",12733,7298398.17
"202",1574,7293446.04
"203",10554,7289933.72
"204",9363,7284647.7
"205",4611,7282115
"206",7857,7266948.92
"207",9616,7265005.3
"208",15860,7254466.66
"209",15554,7247592.51
"210",3422,7247586.45
"211",9134,7236404.67
"212",17408,7220083.6
"213",15853,7219984.9
"214",9266,7218517.11
"215",1881,7208346.45
"216",10148,7205335.83
"217",8860,7202401.44
"218",8373,7189039.5
"219",10859,7188990.69
"220",12670,7188177.22
"221",2553,7180006.02
"222",19346,7176797.25
"223",1681,7160169.84
"224",15225,7158861.32
"225",1052,7158586
"226",77,7155531.1
"227",7231,7155250.38
"228",12622,7137408.42
"229",9814,7105363.14
"230",8695,7103187
"231",13174,7099182.53
"232",6179,7095134.05
"233",6451,7082495.36
"234",19860,7073206.83
"235",9307,7059973.68
"236",7819,7055963.04
"237",10556,7053491.07
"238",9366,7048690.74
"239",12124,7040021.31
"240",11476,7037906.76
"241",19245,7034045.24
"242",7562,7030275.79
"243",12290,7020372.06
"244",18118,7003396.8
"245",1253,7001569.62
"246",8662,6999834.27
"247",1779,6997385.73
"248",15386,6996871.79
"249",147,6989079.88
"250",9562,6983076.9
"251",3958,6969833.22
"252",7211,6966606.67
"253",12842,6923277.66
"254",4368,6918783.95
"255",11131,6918656.78
"256",4628,6894893.82
"257",5879,6881367.14
"258",16586,6865931.8
"259",32,6852925.59
"260",12119,6842773.7
"261",1371,6831137.52
"262",6136,6827917.01
"263",13857,6824240.6
"264",1074,6821747.88
"265",1863,6821522.19
"266",14597,6817385.66
"267",9271,6783068.88
"268",6389,6781075.68
"269",11703,6776538.36
"270",13701,6768880.56
"271",14880,6763788.24
"272",18428,6763670.54
"273",1006,6762065.94
"274",4927,6756765.21
"275",11659,6755246.68
"276",6815,6738928.35
"277",14367,6733857.2
"278",10703,6730936.46
"279",3150,6727920.4
"280",9963,6725919.35
"281",10438,6710153.62
"282",4745,6682153.67
"283",15297,6681711.28
"284",10848,6678666.25
"285",11749,6677895.73
"286",16739,6675549.12
"287",14915,6672248.66
"288",19841,6669191.2
"289",628,6666892.9
"290",1650,6657178.32
"291",7069,6648672.24
"292",7108,6646445.96
"293",8887,6641655.9
"294",18735,6636457.56
"295",3711,6632665.38
"296",2325,6630475.92
"297",6484,6622965.2
"298",2643,6617304.98
"299",7895,6615061.26
"300",12840,6604848.54
"301",4314,6600905.71
"302",19077,6591091.97
"303",17476,6576029
"304",7039,6559838.9
"305",8106,6558223.02
"306",2391,6557120.08
"307",7717,6547706.88
"308",12476,6546988.15
"309",9155,6540793.6
"310",360,6530297.41
"311",6383,6529336.02
"312",4830,6518998.92
"313",12600,6511549.46
"314",13740,6508057.92
"315",4678,6507847.98
"316",17815,6502284.76
"317",7329,6490811.95
"318",13884,6490063.1
"319",5147,6487069
"320",16548,6482024.5
"321",14144,6476413.4
"322",10181,6474984.88
"323",11031,6463308.02
"324",19958,6461506.38
"325",6043,6458177.64
"326",10060,6455476.89
"327",9144,6454042.05
"328",7043,6448019.98
"329",17346,6444307.52
"330",13963,6442014.48
"331",7111,6441947.07
"332",14140,6439955.54
"333",2327,6438977.28
"334",14812,6437152.54
"335",16755,6430895.36
"336",14840,6430549.14
"337",14134,6422079.26
"338",12655,6405496.79
"339",1518,6390148.22
"340",9888,6385033.02
"341",7387,6384005.18
"342",5393,6381083.04
"343",11057,6375974.22
"344",16818,6368828.8
"345",4576,6364925.71
"346",19644,6350000.33
"347",139,6336065.55
"348",11735,6334305.9
"349",10108,6332055.99
"350",15628,6329801.34
"351",4349,6314949.68
"352",7048,6313868.55
"353",17119,6298935.38
"354",18597,6291416.31
"355",2488,6286372.05
"356",2296,6275519.25
"357",4343,6272834.2
"358",9958,6267714.61
"359",2147,6267475.32
"360",9368,6254578.92
"361",13134,6252432.76
"362",10119,6251456.25
"363",2093,6249342.36
"364",2392,6237476.56
"365",17231,6233509.18
"366",3773,6226654.68
"367",9839,6214044.1
"368",19349,6213969.3
"369",7869,6212751
"370",8158,6210279.24
"371",13179,6205773.65
"372",2349,6205589.26
"373",9052,6200729.7
"374",1744,6189967.36
"375",597,6183103.47
"376",16721,6176606.6
"377",7498,6176277.25
"378",15157,6176222.5
"379",17524,6171107.36
"380",7922,6170906.07
"381",6615,6170738.42
"382",2706,6165991.65
"383",16432,6162740.68
"384",16473,6162427.96
"385",12825,6161595.6
"386",18813,6154678.55
"387",1030,6146500.28
"388",2571,6145772.43
"389",7707,6144754.71
"390",10327,6137612
"391",4710,6132346.56
"392",3649,6130602.63
"393",4893,6128461.24
"394",12844,6128191.24
"395",8794,6122690.28
"396",1157,6117749.22
"397",10895,6112017.68
"398",16166,6108250.98
"399",11920,6107122.56
"400",5621,6102123.56
"401",6141,6093826.56
"402",14076,6086671.08
"403",15884,6080485.59
"404",4814,6080337.96
"405",5814,6079842.96
"406",1134,6078685.2
"407",19048,6071813.28
"408",303,6070601.35
"409",15211,6065678.06
"410",1020,6054168
"411",11292,6052522.83
"412",7134,6049865.25
"413",14119,6049619.55
"414",2389,6042429.12
"415",5926,6034269.52
"416",8553,6030922.95
"417",18814,6023255.17
"418",12702,6023190.99
"419",2644,6020931.33
"420",19628,6010704
"421",18112,6008707.52
"422",13860,6008170.29
"423",1456,6005092.14
"424",1633,6002068.85
"425",2301,6000302.29
"426",10740,5999809.05
"427",2630,5997008.43
"428",8818,5992296.9
"429",10043,5990594.02
"430",653,5987942.83
"431",6829,5985990.66
"432",15179,5977727.52
"433",9663,5973523.92
"434",5863,5973328.92
"435",3628,5966340.09
"436",7618,5960155.86
"437",2588,5952648.56
"438",4865,5949383.4
"439",4233,5944699.6
"440",13390,5944104.69
"441",16321,5942714.7
"442",9653,5941308.5
"443",18884,5925548.24
"444",4394,5920927.14
"445",19774,5916723.12
"446",1257,5914052.36
"447",2963,5911917.77
"448",17157,5899573.02
"449",383,5884693.36
"450",11709,5884134.48
"451",18135,5871431.61
"452",13169,5869736.88
"453",2932,5868995.8
"454",2888,5863229.3
"455",6820,5853106.8
"456",18622,5850951.6
"457",9066,5846052.72
"458",19840,5832251.4
"459",6325,5827298.43
"460",14092,5823711.72
"461",11532,5823277.12
"462",18043,5815248.7
"463",3932,5809134.6
"464",10364,5808371.4
"465",1179,5808303.24
"466",11441,5799378.33
"467",15767,5798263.26
"468",14063,5797204
"469",11383,5793893.12
"470",10065,5781764.45
"471",17785,5766838.76
"472",18349,5761765.77
"473",14824,5760339.78
"474",14699,5759490.18
"475",11628,5755137.2
"476",4403,5752376.64
"477",13090,5751949.25
"478",15332,5744606.28
"479",17573,5744384.15
"480",12895,5741007.02
"481",13577,5739209.94
"482",16594,5732523.64
"483",8497,5727509.84
"484",2872,5724068.72
"485",16181,5721788.16
"486",6639,5712041.22
"487",13095,5708798.25
"488",4535,5693341.2
"489",10956,5692585.5
"490",19755,5686913.37
"491",12995,5682200.41
"492",13157,5681454.94
"493",1887,5681341.24
"494",18472,5680356
"495",19814,5679360
"496",18583,5669360.52
"497",3894,5664385.49
"498",1740,5659552.04
"499",62,5659470.16
"500",16532,5653779.46
"501",995,5648973.45
"502",7486,5646851.87
"503",19007,5642710.93
"504",13060,5642024.64
"505",12371,5635710.45
"506",2280,5634077.4
"507",3115,5631352.32
"508",11107,5631252.46
"509",5873,5629125.75
"510",14743,5628732.8
"511",2224,5624746.62
"512",2653,5623859.99
"513",17622,5623057.44
"514",14700,5615344
"515",14740,5613929.39
"516",6403,5611924.51
"517",6896,5609169.88
"518",10384,5607337.52
"519",16433,5605707.03
"520",5898,5604937.76
"521",4789,5600488.36
"522",8132,5593107.5
"523",3838,5592313.2
"524",13631,5586424.8
"525",11233,5585247.01
"526",849,5583516.45
"527",14653,5581550.45
"528",14788,5580433
"529",18181,5578562.88
"530",19815,5577102.62
"531",5584,5576692.2
"532",5385,5576420.19
"533",13780,5569028.61
"534",9342,5566783.71
"535",19056,5566524.12
"536",8189,5565694.74
"537",13808,5560721.96
"538",10635,5560058.55
"539",8304,5550784.41
"540",14257,5549164.06
"541",8999,5542100.1
"542",19134,5539312.56
"543",8360,5538031.1
"544",6397,5536651.92
"545",2597,5525317.76
"546",8631,5515909.38
"547",16729,5512663.65
"548",11861,5511785.93
"549",16853,5511689.91
"550",6341,5502790.08
"551",1312,5496649.4
"552",5566,5495885.87
"553",12519,5490649.97
"554",19032,5488105.02
"555",8231,5479312.5
"556",3026,5466732.32
"557",6388,5466168.8
"558",15349,5464571.52
"559",18985,5463897.13
"560",19848,5454266.4
"561",17378,5453284.74
"562",4000,5448690.39
"563",3710,5445822.53
"564",13181,5439774.06
"565",6420,5438325.32
"566",3644,5437772.14
"567",1117,5437024.97
"568",13027,5436968.46
"569",12884,5432632.34
"570",12781,5429161.08
"571",10084,5428231.62
"572",5640,5423318.58
"573",16208,5422901.4
"574",753,5416899.74
"575",4120,5413822.46
"576",12348,5412061.71
"577",1586,5411198.55
"578",2503,5411125.8
"579",1381,5397790.1
"580",19673,5397746.77
"581",19389,5394426.4
"582",15532,5386361.38
"583",3562,5380335.08
"584",19114,5375133
"585",3204,5372215.46
"586",6653,5365178
"587",3553,5363690.29
"588",12687,5361682.12
"589",3279,5357505.65
"590",9840,5350112.18
"591",8258,5347064.67
"592",11387,5345284
"593",15210,5341117.92
"594",15092,5340896.8
"595",6052,5339762.18
"596",14043,5339587.68
"597",6284,5336153
"598",6297,5332357.74
"599",16254,5326607.83
"600",18436,5326198.5
"601",14436,5325517.14
"602",10368,5319983.08
"603",6349,5317943.4
"604",19984,5317620
"605",19080,5310678.6
"606",1403,5306771.32
"607",5995,5305056.12
"608",13214,5299420.45
"609",19293,5297054.4
"610",7130,5289761.48
"611",9809,5286784.8
"612",9273,5277924.77
"613",16786,5260035
"614",11032,5256354.35
"615",17719,5246322.2
"616",3400,5244203.68
"617",8278,5243718.48
"618",7873,5241168.8
"619",9357,5239695.77
"620",2239,5235767.83
"621",18695,5223960.35
"622",19271,5216498.29
"623",4563,5214673.7
"624",1896,5210699.79
"625",15755,5210481.24
"626",17628,5209882.37
"627",5747,5206892.24
"628",18057,5204907.4
"629",5075,5204412.81
"630",5325,5190162.75
"631",17675,5183135.36
"632",18818,5181295.3
"633",11064,5180667.57
"634",12578,5177222.33
"635",3725,5169183.75
"636",11112,5161546
"637",4749,5161499.44
"638",7632,5159180.5
"639",13119,5151665.51
"640",5653,5140324.64
"641",16134,5137482.51
"642",5671,5136815.55
"643",18348,5132981.07
"644",562,5132487.25
"645",2562,5126763.83
"646",10304,5125180
"647",7622,5120719.98
"648",12755,5118213.92
"649",1814,5100705.58
"650",11269,5096671.33
"651",2964,5095253.72
"652",1616,5091834
"653",9294,5090753.53
"654",16793,5085330.54
"655",4999,5081651.75
"656",17209,5079029.28
"657",7151,5078937.6
"658",15522,5072469.6
"659",3056,5072329.55
"660",7612,5068322.87
"661",18453,5063892.92
"662",18324,5058901.22
"663",12266,5058186.75
"664",19394,5056235.73
"665",1713,5054968.05
"666",15681,5051569.63
"667",8274,5043328
"668",18160,5043074.83
"669",18253,5041572
"670",11840,5040590.04
"671",1532,5033171
"672",584,5031602.64
"673",12382,5028901
"674",14814,5022200.07
"675",19058,5019001.92
"676",4487,5016640.86
"677",8482,5015444.25
"678",18476,5011136.36
"679",12335,5003581.4
"680",4455,4997933.31
"681",14355,4992822.92
"682",15253,4992642.2
"683",14069,4983244.2
"684",17843,4977294.37
"685",9389,4975885.83
"686",14435,4971442.19
"687",13254,4959481.45
"688",9773,4955887.8
"689",7615,4952421.54
"690",6476,4947250.05
"691",9253,4945159.7
"692",14932,4934395.48
"693",13253,4932867.45
"694",19322,4931525.78
"695",16945,4931440.61
"696",731,4930191.93
"697",6540,4925114.51
"698",5148,4923048
"699",1934,4921196.9
"700",15402,4920840.72
"701",17914,4919607.04
"702",5416,4916041.92
"703",16734,4914205.27
"704",14967,4900262.08
"705",8706,4894595.58
"706",136,4891960.92
"707",19494,4886028.3
"708",8737,4880640.44
"709",7653,4879423.64
"710",4149,4875782.4
"711",7890,4872424.4
"712",11142,4871415.42
"713",10386,4863623.5
"714",8603,4861814.61
"715",2680,4861223.74
"716",4891,4858103.88
"717",19236,4855097.69
"718",14251,4854739.86
"719",18895,4853365.1
"720",17134,4852041.04
"721",4932,4843701.45
"722",10033,4841647.72
"723",1383,4839144.31
"724",18721,4837983.36
"725",8618,4833125.42
"726",17386,4831545.84
"727",3790,4830282.36
"728",1043,4825921.31
"729",12434,4822597.78
"730",18385,4819643.4
"731",6046,4817460.06
"732",5821,4814423.45
"733",10836,4814303.24
"734",6848,4813954.08
"735",6880,4804600.35
"736",11249,4800116.82
"737",11970,4799739.66
"738",14253,4796521.29
"739",7782,4793227.13
"740",75,4790042.88
"741",7076,4789347.34
"742",9566,4782531.8
"743",2137,4767931.74
"744",2336,4763870.79
"745",15362,4759043.38
"746",3284,4755048.76
"747",12964,4753627.48
"748",1781,4752835.2
"749",5454,4748342.98
"750",12597,4742077.84
"751",19120,4733459.96
"752",14884,4731499.44
"753",825,4730720.28
"754",14683,4730482.32
"755",5361,4726113
"756",12179,4725018.1
"757",1461,4710954.69
"758",9890,4709658.4
"759",13369,4705085.39
"760",11612,4701627.99
"761",3096,4699414.4
"762",10383,4697866.47
"763",11293,4697336.06
"764",3383,4695825.2
"765",6231,4694381.72
"766",7396,4691319.06
"767",17827,4688797.44
"768",15856,4683368.21
"769",8253,4678560.86
"770",12327,4677984.74
"771",4395,4676829.82
"772",4232,4676646.4
"773",14260,4670522.8
"774",15288,4669273.99
"775",17526,4668545.64
"776",9884,4662693.84
"777",2118,4660352.78
"778",4524,4653956.6
"779",19090,4650872.94
"780",3928,4649359.44
"781",14325,4647762.17
"782",15476,4643469.04
"783",4179,4639931.76
"784",14408,4639631.28
"785",19424,4634817.44
"786",3334,4633102.5
"787",9477,4628073.51
"788",11803,4625396.8
"789",14805,4618452.18
"790",463,4616307.28
"791",16628,4607490.96
"792",3116,4604463.1
"793",19962,4602949.47
"794",12859,4602870.55
"795",12063,4600708.45
"796",5648,4592273.25
"797",8556,4590726.86
"798",15281,4589425.41
"799",9414,4587426.9
"800",13951,4586281.25
"801",19328,4582624.82
"802",15963,4579705.5
"803",10773,4573276.2
"804",14179,4568816
"805",1895,4563988.16
"806",6408,4561496.39
"807",5958,4554000
"808",3653,4548134.4
"809",11218,4546237.92
"810",19327,4543987.77
"811",9572,4535941.16
"812",14556,4531464.75
"813",2475,4529761.5
"814",9631,4529261.56
"815",1901,4528592.55
"816",86,4528475.38
"817",9586,4527146.22
"818",17361,4519098.87
"819",8112,4514949.45
"820",13468,4499728.2
"821",18239,4497633.64
"822",10215,4494553.6
"823",6211,4492264.96
"824",836,4490945.1
"825",895,4489141.5
"826",19542,4488393.75
"827",4322,4487884.23
"828",2116,4486944.65
"829",553,4486075.48
"830",2515,4485188.26
"831",16286,4481470.47
"832",12271,4478224.95
"833",16570,4465818
"834",7995,4457574.66
"835",18396,4457229.6
"836",16331,4455735.48
"837",18157,4452196.63
"838",5271,4452040.01
"839",11622,4451244.84
"840",4052,4446397.34
"841",2864,4446008.38
"842",490,4442892.3
"843",19837,4434172.39
"844",4114,4433657.85
"845",11436,4433070.15
"846",6085,4431306.57
"847",9735,4430445.6
"848",17834,4416286.33
"849",8157,4416116.65
"850",18840,4414925.32
"851",13553,4412261.7
"852",12562,4411183.04
"853",14025,4403442.16
"854",17964,4400360.09
"855",636,4399863.84
"856",8390,4389024.33
"857",231,4387397.3
"858",9699,4385891.02
"859",10622,4384005.32
"860",14364,4383236.9
"861",10580,4381533.23
"862",10124,4369800.96
"863",10451,4368867.5
"864",4673,4367113.44
"865",11351,4362616.5
"866",4770,4362397.32
"867",12932,4362042.6
"868",10603,4357216.5
"869",19733,4348931.75
"870",4222,4348871.91
"871",17319,4347687.69
"872",3375,4346529.48
"873",14995,4338295.65
"874",7675,4337499.6
"875",15043,4333921.2
"876",4835,4332648
"877",4408,4332588.9
"878",5559,4330577.09
"879",7376,4328936.54
"880",18061,4328793.98
"881",2749,4328671.53
"882",6628,4328501.88
"883",5888,4323049.72
"884",18872,4322595.62
"885",5476,4319642.58
"886",1755,4318935.63
"887",10623,4315822.56
"888",18775,4314677.64
"889",3570,4312697.87
"890",11147,4310740.57
"891",6071,4307612.4
"892",10807,4306006
"893",9550,4299478.56
"894",657,4296794.19
"895",19669,4294640.9
"896",8532,4290651.6
"897",13469,4281715.62
"898",8809,4280778.8
"899",11301,4276847.95
"900",6147,4266879.92
"901",2612,4265962.35
"902",15699,4256118.72
"903",12300,4254409.11
"904",3494,4250810.6
"905",11040,4250030.2
"906",6190,4244046.8
"907",17616,4239937.5
"908",7271,4234407
"909",14048,4226977.44
"910",4456,4224684.98
"911",10012,4223841.21
"912",11175,4223704.14
"913",18675,4215406.86
"914",10792,4214898.57
"915",10806,4209678.32
"916",18749,4204787
"917",17410,4198025.28
"918",8032,4195430
"919",11094,4192304.94
"920",17582,4187341.44
"921",12246,4183230.95
"922",6640,4182968.8
"923",7346,4174707.6
"924",12747,4169865.81
"925",3869,4164957.44
"926",13106,4161902.08
"927",10547,4159541.36
"928",15289,4156205.76
"929",1679,4156156.64
"930",1126,4155593.08
"931",19106,4147439.52
"932",9705,4144024.2
"933",15324,4142518.56
"934",16544,4140375.72
"935",8812,4139322.81
"936",10772,4134101.64
"937",2800,4127150.08
"938",15549,4124704.64
"939",3607,4118697.57
"940",1980,4117633.72
"941",214,4113117.36
"942",19217,4104217.6
"943",2460,4098577.46
"944",19156,4093864.46
"945",18359,4092727.29
"946",12865,4092526.84
"947",14616,4092434.54
"948",908,4088856.2
"949",11791,4083804.97
"950",4157,4078345.6
"951",3857,4070872.87
"952",15114,4056112.5
"953",395,4052997.76
"954",17456,4051457.28
"955",10562,4050894.19
"956",10884,4050330.76
"957",12177,4049842.68
"958",15595,4040577.56
"959",15916,4036044.5
"960",7084,4035102.72
"961",4424,4034761.56
"962",10874,4031015.85
"963",4740,4030403.76
"964",16585,4030010.26
"965",18824,4028984.1
"966",14875,4028452.08
"967",13855,4024828.34
"968",10932,4024002.4
"969",9084,4021362.45
"970",14352,4018089.74
"971",18086,4015180.68
"972",9514,4013666.67
"973",15787,4013154.56
"974",714,4010249.44
"975",8811,4009588.9
"976",14386,4007210.88
"977",616,4004057.26
"978",7460,4003412.48
"979",866,4003182.54
"980",782,4001299.94
"981",8562,3999441.62
"982",1366,3994060.86
"983",2879,3993056.55
"984",16679,3992434.99
"985",17306,3990723.3
"986",13140,3982817.39
"987",17942,3980857.04
"988",6572,3977676.28
"989",3578,3977523.94
"990",15802,3969946.9
"991",336,3967938.38
"992",9807,3964469.6
"993",12104,3964273.4
"994",4271,3962359.28
"995",6702,3961657.44
"996",19763,3955582.75
"997",369,3953702.88
"998",4089,3953455.68
"999",2593,3946153.8
"1000",590,3943841.16
"1001",8325,3942118.75
"1002",158,3941881.65
"1003",12054,3938362.69
"1004",18330,3938303.88
"1005",5354,3936239.58
"1006",8150,3925793.46
"1007",8344,3921293.6
"1008",6069,3921130.55
"1009",4032,3920008.59
"1010",17939,3917750.27
"1011",7014,3914471.2
"1012",2840,3913131.58
"1013",1868,3912987.54
"1014",10975,3911920.48
"1015",5374,3910802.74
"1016",11128,3908156.46
"1017",18449,3907589.4
"1018",11740,3907459.84
"1019",2356,3907189
"1020",5721,3901585.97
"1021",4231,3900779.05
"1022",4352,3899933.44
"1023",432,3899836.44
"1024",15321,3899516.58
"1025",10296,3897015.14
"1026",5647,3895088.16
"1027",7386,3891916.51
"1028",507,3891487.68
"1029",3995,3887387.07
"1030",4278,3882294.02
"1031",18407,3880267.86
"1032",6127,3879166.71
"1033",145,3875277.24
"1034",19269,3874685.76
"1035",18257,3874454.89
"1036",9068,3869767.74
"1037",576,3860007.79
"1038",4860,3852862.02
"1039",18793,3849838.16
"1040",15988,3847257.05
"1041",6891,3846386.75
"1042",3231,3846344.3
"1043",15237,3845421
"1044",9035,3844166.85
"1045",7597,3838643.35
"1046",16349,3837121.65
"1047",2497,3827850.2
"1048",3616,3827390.95
"1049",11566,3826122.47
"1050",18403,3822033.02
"1051",2972,3821903.55
"1052",812,3821523.72
"1053",2043,3820561.36
"1054",505,3818922.03
"1055",8257,3815071.92
"1056",6084,3814194.95
"1057",11253,3813917.24
"1058",366,3812257.88
"1059",13632,3811601.32
"1060",14298,3801412.42
"1061",7092,3798729.48
"1062",2058,3796109.04
"1063",14820,3791195.86
"1064",7157,3788690.82
"1065",17211,3786030.17
"1066",16644,3786019.25
"1067",15693,3783662.19
"1068",2627,3782394.6
"1069",11231,3782077.6
"1070",12696,3781761.66
"1071",8705,3778077
"1072",16052,3771577.04
"1073",99,3760269.31
"1074",2082,3757517.5
"1075",872,3750005.34
"1076",7126,3749138.92
"1077",10302,3744475.25
"1078",17122,3741012.98
"1079",10080,3740107.1
"1080",16021,3739611.2
"1081",3074,3739224.96
"1082",3142,3738811.02
"1083",13213,3735116.25
"1084",13442,3733132.14
"1085",11542,3731000.12
"1086",13732,3730444.9
"1087",2608,3729372.4
"1088",5,3725511.5
"1089",19157,3723844.72
"1090",18231,3721707.99
"1091",8179,3714155.04
"1092",12740,3708646.91
"1093",11597,3706528.59
"1094",13968,3702376.08
"1095",6436,3687346.44
"1096",9181,3687134.08
"1097",564,3680200.8
"1098",13464,3678406.2
"1099",14084,3673790.38
"1100",2755,3670593.69
"1101",14284,3668640.8
"1102",12178,3653392.48
"1103",15730,3650258.3
"1104",5560,3649569.59
"1105",8594,3647140.56
"1106",7032,3646439.54
"1107",16846,3644843.1
"1108",1530,3642838.08
"1109",3978,3639712.05
"1110",2897,3639442.32
"1111",16625,3636527.54
"1112",12029,3636339.72
"1113",16830,3633448.57
"1114",9597,3632662.11
"1115",5533,3630338.67
"1116",5181,3625965.93
"1117",8131,3625738.62
"1118",8560,3620761.26
"1119",11860,3618746.25
"1120",12008,3614604.4
"1121",10737,3611990.64
"1122",18208,3611596.1
"1123",5119,3611038.2
"1124",11958,3601654.65
"1125",15124,3598278.2
"1126",14058,3597490.02
"1127",12270,3593912.1
"1128",17793,3593318.95
"1129",9385,3587327.84
"1130",12814,3587083.84
"1131",5304,3586230.61
"1132",3631,3582841.65
"1133",610,3581917.3
"1134",19317,3580412.43
"1135",128,3567004.56
"1136",11616,3566154.8
"1137",10176,3565392.15
"1138",7349,3564110.64
"1139",1712,3560408.43
"1140",18860,3559340.6
"1141",17617,3557516
"1142",6443,3556296.96
"1143",15408,3554814.56
"1144",16350,3554388.63
"1145",17436,3554105.13
"1146",5740,3551324.68
"1147",12181,3550218.54
"1148",16895,3550119.3
"1149",19995,3548839.7
"1150",4968,3548306.87
"1151",2257,3546692.29
"1152",1825,3543198.78
"1153",18989,3539038.08
"1154",18727,3536081.4
"1155",16165,3533789.84
"1156",3249,3533709.87
"1157",11731,3532875
"1158",13032,3532415.79
"1159",9377,3531582.08
"1160",5883,3531479
"1161",1211,3528833.4
"1162",12065,3526948.1
"1163",10866,3526146.66
"1164",2073,3520131.3
"1165",2378,3512186.2
"1166",16860,3509693.07
"1167",389,3507814.64
"1168",15604,3505653.27
"1169",11257,3502831.8
"1170",1327,3502022.6
"1171",16602,3501074.88
"1172",1493,3498808.95
"1173",8224,3498179.52
"1174",622,3497158.36
"1175",3072,3495958.72
"1176",1478,3494880.48
"1177",3125,3494169.9
"1178",2052,3488438.08
"1179",8476,3487191.28
"1180",10735,3477740.76
"1181",14860,3476235.84
"1182",6586,3475745.1
"1183",5130,3472024.5
"1184",7181,3471306.3
"1185",618,3467906.52
"1186",15698,3464859.47
"1187",17585,3462450.46
"1188",2548,3456856.96
"1189",2632,3456230.74
"1190",2882,3453986.86
"1191",12216,3452907.15
"1192",4925,3452904.63
"1193",9012,3442581.36
"1194",6667,3430076.4
"1195",17958,3424962.56
"1196",6093,3424241.92
"1197",10648,3417414
"1198",1462,3413248.61
"1199",2569,3412388.82
"1200",18616,3409880.91
"1201",7368,3408036.45
"1202",3110,3407374.6
"1203",10824,3406819.29
"1204",11510,3404701.96
"1205",4840,3397236.4
"1206",4449,3396993.6
"1207",1358,3396616.32
"1208",3885,3395817.6
"1209",13381,3391953.52
"1210",1655,3383051.51
"1211",282,3381785.42
"1212",4928,3374270.48
"1213",3199,3372488.8
"1214",16086,3370710.65
"1215",8612,3362922.5
"1216",19597,3360764
"1217",8867,3354400.11
"1218",4098,3353574.28
"1219",12617,3351499.05
"1220",14365,3347296
"1221",10443,3345493.1
"1222",76,3342081.82
"1223",11585,3341941.22
"1224",4383,3338960.27
"1225",13910,3335964.16
"1226",8076,3332449.89
"1227",16005,3332190.4
"1228",2622,3329364.45
"1229",12822,3321183.52
"1230",17076,3320398.06
"1231",5392,3320357.15
"1232",18628,3319615.84
"1233",13695,3318525.99
"1234",10326,3318274.16
"1235",9109,3317833.9
"1236",1489,3317620.8
"1237",3378,3315948
"1238",7738,3312979.2
"1239",1844,3312277.36
"1240",19963,3307500
"1241",2436,3306419.05
"1242",886,3302180.7
"1243",15475,3301693.5
"1244",6327,3300680.78
"1245",6050,3299460.2
"1246",9876,3298410.05
"1247",19586,3291131.25
"1248",14349,3289862.52
"1249",10993,3287980.57
"1250",18784,3286752.12
"1251",1800,3285466.24
"1252",990,3284595.5
"1253",3823,3281992.94
"1254",15737,3279305.96
"1255",19518,3276759.63
"1256",9032,3272440.32
"1257",7786,3271217.28
"1258",8648,3271162.44
"1259",5532,3270187.97
"1260",15914,3268520.98
"1261",16065,3265068.84
"1262",11212,3264657.03
"1263",13229,3262022.28
"1264",15827,3260862.72
"1265",1582,3260340
"1266",3827,3260093.76
"1267",3546,3259244.07
"1268",15849,3258918
"1269",14856,3258379.4
"1270",2028,3255013.96
"1271",6618,3254581.95
"1272",17461,3252926.88
"1273",13551,3241602.2
"1274",19561,3239795.32
"1275",2276,3236172.3
"1276",14203,3234649.39
"1277",7757,3231351.84
"1278",122,3226213.88
"1279",12954,3225943
"1280",647,3224783.76
"1281",12383,3223989.44
"1282",3831,3223126.6
"1283",16836,3222260.73
"1284",4565,3221597.44
"1285",19426,3218106.54
"1286",17855,3217813.02
"1287",5624,3207777.36
"1288",8368,3203376.45
"1289",9480,3200904
"1290",11181,3199500.53
"1291",8981,3197864
"1292",16426,3195995.97
"1293",1648,3195558.9
"1294",14404,3192729.6
"1295",17867,3188571
"1296",18117,3183229.04
"1297",14289,3182261.6
"1298",53,3182256
"1299",15546,3180180.04
"1300",16245,3178277.46
"1301",1597,3176247.48
"1302",1653,3173456.64
"1303",2845,3171619.61
"1304",15906,3171187.54
"1305",18304,3168571.5
"1306",14068,3167367.6
"1307",6837,3165012.48
"1308",9446,3164446.52
"1309",18889,3156140.96
"1310",16587,3154210.2
"1311",7705,3152977.38
"1312",1120,3151591.17
"1313",17665,3148848
"1314",5311,3146721.86
"1315",14157,3144707.32
"1316",7996,3131351.04
"1317",8663,3130526.32
"1318",18271,3127800.96
"1319",6446,3125685.96
"1320",6972,3125007.06
"1321",2572,3123186.83
"1322",13536,3122527.54
"1323",6196,3122172.48
"1324",9338,3121262.4
"1325",11992,3118647.55
"1326",2580,3118284.37
"1327",9098,3117494.1
"1328",5118,3112661.96
"1329",10184,3109293.4
"1330",9932,3105818.24
"1331",18545,3102273.32
"1332",10963,3099314.5
"1333",8405,3097121.12
"1334",9037,3095195
"1335",179,3091107.28
"1336",1930,3090915.8
"1337",17723,3090624.66
"1338",4308,3089472.75
"1339",8702,3080129.92
"1340",18621,3079984.8
"1341",4501,3079781.1
"1342",3590,3079049.42
"1343",18264,3078858.44
"1344",15648,3078564.06
"1345",5998,3073264
"1346",16904,3072610.8
"1347",3794,3071333.09
"1348",3147,3068485.32
"1349",17221,3068337.22
"1350",4709,3067523.31
"1351",18017,3066743.41
"1352",15613,3063987.86
"1353",16271,3057051.34
"1354",13621,3054774.59
"1355",12919,3054518.5
"1356",12493,3050836.3
"1357",15838,3050645.95
"1358",3273,3048955.15
"1359",8324,3046011.25
"1360",13628,3045324.5
"1361",5522,3044408.5
"1362",2202,3043132.05
"1363",19052,3042566.55
"1364",5767,3041871.7
"1365",17895,3036452.22
"1366",12586,3036386.3
"1367",12425,3035041.52
"1368",13517,3034351.47
"1369",2363,3033336.6
"1370",15060,3032598.51
"1371",6764,3032591.1
"1372",340,3030522
"1373",4723,3028910.25
"1374",3566,3027858.61
"1375",17796,3026838.96
"1376",15384,3023792.64
"1377",16336,3010813.56
"1378",679,3010713.3
"1379",7554,3010667.8
"1380",14553,3009756.96
"1381",8379,3009745.17
"1382",15436,3007499.77
"1383",12471,3003991.86
"1384",18059,3003037.53
"1385",8536,3000746
"1386",19033,2999373.28
"1387",18179,2996151.2
"1388",10711,2996143.17
"1389",17271,2994264.79
"1390",13932,2989023.58
"1391",3101,2987788.16
"1392",14550,2977853.65
"1393",3080,2977232.58
"1394",14533,2976490.49
"1395",14439,2975313.24
"1396",9237,2973124.78
"1397",1205,2971470.28
"1398",12361,2963419.47
"1399",429,2962631.88
"1400",3970,2960418.45
"1401",8403,2957698.45
"1402",1098,2957514
"1403",7932,2955046.14
"1404",16266,2952298.38
"1405",19386,2948854.48
"1406",13147,2947037.91
"1407",2720,2947011.08
"1408",3840,2944219.35
"1409",13482,2942474.88
"1410",9436,2940396.21
"1411",19779,2937105.96
"1412",18032,2933224.38
"1413",7743,2932733.77
"1414",14620,2930766.89
"1415",4606,2927832.59
"1416",18076,2924134.83
"1417",19276,2918176.2
"1418",7483,2915918.95
"1419",8575,2915132.64
"1420",11052,2913140.88
"1421",17251,2908345.8
"1422",8788,2907935.93
"1423",10960,2906511.14
"1424",18782,2903643.78
"1425",19988,2897461.53
"1426",726,2896009.27
"1427",19942,2894251.36
"1428",10864,2892252.48
"1429",17840,2891563.22
"1430",18717,2888939.96
"1431",12391,2886051.3
"1432",18219,2885921.06
"1433",15100,2883342.33
"1434",2491,2880385.74
"1435",12389,2879696.96
"1436",3880,2877770.24
"1437",18579,2874542.48
"1438",13647,2873838.34
"1439",15758,2873804.92
"1440",12917,2873659.6
"1441",18866,2873616.26
"1442",13894,2872986.12
"1443",15200,2872571.93
"1444",9628,2872404.56
"1445",8568,2871598.08
"1446",8389,2870237.88
"1447",5788,2867210.18
"1448",19450,2863310.66
"1449",9440,2863162.92
"1450",16795,2860135.41
"1451",19643,2858987.8
"1452",1974,2856825.84
"1453",14622,2852089.12
"1454",6885,2851437.62
"1455",12532,2848992.64
"1456",1087,2847858.8
"1457",5777,2846407.41
"1458",5629,2846076.12
"1459",6316,2840544.65
"1460",12767,2840514.12
"1461",12134,2840036.91
"1462",14476,2839853.01
"1463",803,2838388.16
"1464",18964,2836942.44
"1465",6020,2833459.2
"1466",10401,2832688.74
"1467",1323,2829964.5
"1468",1151,2829662.44
"1469",1458,2824034.43
"1470",2271,2820756.53
"1471",18740,2814140.8
"1472",7348,2811730.95
"1473",4281,2807190.52
"1474",8043,2804706.24
"1475",3843,2804217.96
"1476",7813,2802350.88
"1477",347,2802245.52
"1478",745,2801725.1
"1479",10388,2799170.58
"1480",18100,2793358.5
"1481",19043,2789013.8
"1482",10644,2787797.01
"1483",16170,2787402.8
"1484",398,2782729.05
"1485",9370,2780078.13
"1486",14504,2780036.04
"1487",1210,2778485.76
"1488",13385,2777445.62
"1489",3799,2775223.6
"1490",11325,2769766.02
"1491",3489,2769554.52
"1492",17181,2769028.5
"1493",6964,2766653.78
"1494",7381,2764898.8
"1495",6253,2764394.64
"1496",5975,2760819.72
"1497",11996,2760687.86
"1498",7570,2758977.12
"1499",4387,2757672
"1500",9014,2755367.42
"1501",9403,2748021.66
"1502",11653,2739731.07
"1503",17697,2739312.29
"1504",958,2738032
"1505",18816,2737140
"1506",14104,2735008.64
"1507",15966,2732250.2
"1508",17912,2724160.95
"1509",7089,2720170.04
"1510",16032,2718976.18
"1511",16891,2717293.32
"1512",19579,2716909.86
"1513",17470,2715048.84
"1514",12408,2712556.52
"1515",4763,2711800.9
"1516",1138,2709709.81
"1517",7363,2708414.4
"1518",7877,2705439.45
"1519",17532,2703698.68
"1520",10512,2701235.92
"1521",11957,2700133.22
"1522",2455,2699593.88
"1523",15119,2696860.8
"1524",9868,2696801.52
"1525",14172,2695307.48
"1526",16120,2689337.82
"1527",13958,2679025.28
"1528",15169,2676686.04
"1529",2648,2672232
"1530",6164,2671317.32
"1531",12701,2669216.4
"1532",16382,2669034.54
"1533",15588,2667212.1
"1534",14830,2666758.15
"1535",9119,2665812.24
"1536",1622,2665206.5
"1537",878,2664045.79
"1538",13269,2662784.12
"1539",619,2655417.63
"1540",18386,2653795.02
"1541",2501,2652260.4
"1542",2310,2651631.09
"1543",19420,2649395.61
"1544",4895,2645152.27
"1545",7553,2643682.07
"1546",17814,2642781.44
"1547",16097,2642500
"1548",10995,2640811.16
"1549",14895,2637733.72
"1550",18546,2637026.71
"1551",9875,2631358.8
"1552",9591,2626899.54
"1553",6001,2625893.76
"1554",7739,2624573.28
"1555",10431,2624379.54
"1556",4544,2615313.75
"1557",16387,2603195.76
"1558",18375,2601407.83
"1559",8395,2598728.44
"1560",18853,2593356.36
"1561",4900,2592813.15
"1562",1302,2592197.76
"1563",17032,2589806.4
"1564",14292,2589749.56
"1565",43,2587359.58
"1566",5221,2587024.04
"1567",397,2579751.46
"1568",17890,2579674.24
"1569",12157,2575510.48
"1570",7340,2574645.83
"1571",19368,2572618.95
"1572",8848,2570819.15
"1573",13789,2570243.26
"1574",14596,2568234.24
"1575",8408,2567434.41
"1576",19726,2565750.42
"1577",13964,2565579.12
"1578",7740,2563027.5
"1579",14768,2560392.6
"1580",11734,2559062.22
"1581",10294,2558257.97
"1582",15032,2557926.22
"1583",9127,2556379.8
"1584",2181,2553175
"1585",16653,2552229.68
"1586",3866,2549994.79
"1587",16814,2548710.76
"1588",1866,2545838.4
"1589",3512,2532626.8
"1590",4145,2529786.15
"1591",12120,2528298.72
"1592",644,2528123.05
"1593",15379,2525181.01
"1594",6392,2524063.08
"1595",2652,2521456.8
"1596",3363,2519202.23
"1597",19167,2517993.18
"1598",16042,2516599.92
"1599",2892,2511854.4
"1600",5711,2509401.72
"1601",14591,2506344.69
"1602",6564,2506277.34
"1603",1231,2505421.24
"1604",5049,2502603
"1605",14576,2501606.69
"1606",10211,2500852.2
"1607",293,2493168.48
"1608",7371,2491134.65
"1609",18154,2491047.2
"1610",9494,2489825.52
"1611",14836,2480432.4
"1612",19471,2480403.75
"1613",802,2478998.33
"1614",12541,2477242.6
"1615",15065,2473563.94
"1616",15995,2472803.2
"1617",9408,2471953.56
"1618",9776,2470447.9
"1619",17325,2468989.05
"1620",3391,2468317.72
"1621",16123,2467022.22
"1622",18758,2463798.06
"1623",407,2460304.47
"1624",6840,2456170.78
"1625",9995,2455155.36
"1626",3877,2453696.65
"1627",5817,2452493.13
"1628",14122,2452226.22
"1629",16699,2450273.98
"1630",8921,2450116.48
"1631",15103,2449861.2
"1632",7637,2449628.72
"1633",3076,2443927.38
"1634",6648,2443248.95
"1635",17116,2442263.72
"1636",1645,2440838.4
"1637",3181,2440017.6
"1638",5966,2431558.08
"1639",15882,2428947.3
"1640",7529,2428381.28
"1641",12836,2427897.33
"1642",18052,2427637.76
"1643",13616,2426638.5
"1644",16615,2424775.08
"1645",18147,2424412.68
"1646",4586,2424123.9
"1647",14403,2423141.96
"1648",11606,2422794.31
"1649",13526,2422212.8
"1650",3677,2421404.46
"1651",5553,2418506.21
"1652",12109,2416514.17
"1653",13118,2415931.8
"1654",1563,2408855.4
"1655",16591,2408045.39
"1656",6411,2404918.53
"1657",10272,2402834.48
"1658",10597,2400247.68
"1659",13700,2398035.86
"1660",9548,2397147.9
"1661",14963,2395781.09
"1662",13325,2390637.58
"1663",13864,2388067.88
"1664",7450,2383447.71
"1665",9275,2382868.4
"1666",5829,2378037.92
"1667",13437,2377806.54
"1668",13594,2375046.3
"1669",11442,2374591.08
"1670",15619,2374052.38
"1671",9063,2374035.84
"1672",5990,2368686.5
"1673",7811,2363829.26
"1674",9525,2362974.53
"1675",5597,2361031.84
"1676",8963,2360774
"1677",1709,2359839.29
"1678",15814,2358656.64
"1679",17613,2357519.04
"1680",5022,2354550.45
"1681",17740,2354242.83
"1682",3388,2351042.26
"1683",13773,2348739.12
"1684",14467,2348665.04
"1685",11544,2345324.45
"1686",349,2344664.13
"1687",10356,2340862.72
"1688",18272,2338754.6
"1689",4627,2337430.84
"1690",327,2335298.46
"1691",19846,2332224.73
"1692",10814,2330319.6
"1693",13102,2326122.75
"1694",18867,2323972
"1695",2824,2323315.08
"1696",19117,2319911.1
"1697",1906,2319757.6
"1698",245,2319450.9
"1699",17318,2317860.39
"1700",3862,2316453.72
"1701",8100,2313874.12
"1702",2958,2312239.47
"1703",10263,2308514.06
"1704",13814,2304940.4
"1705",9394,2303161.74
"1706",18080,2299416.78
"1707",1271,2289526.98
"1708",3327,2278474.48
"1709",8740,2278405.92
"1710",8119,2276428.17
"1711",3368,2274373.62
"1712",7963,2272300.8
"1713",2151,2270932.72
"1714",16995,2270264.68
"1715",9918,2269733.07
"1716",503,2268535.25
"1717",16692,2256484.5
"1718",793,2254198.72
"1719",16455,2252361.86
"1720",6644,2249521.82
"1721",17280,2249437.5
"1722",6813,2248982
"1723",4674,2246915.32
"1724",16325,2244369.8
"1725",182,2243290
"1726",4626,2242474.35
"1727",10860,2241291.6
"1728",14034,2241220.8
"1729",2476,2240855.2
"1730",4253,2239985.64
"1731",3211,2239871.02
"1732",1290,2233313
"1733",8479,2232189.04
"1734",11895,2231607
"1735",3487,2230171.62
"1736",14870,2229915.37
"1737",16328,2229483.96
"1738",18585,2228215.5
"1739",7638,2228208.08
"1740",5436,2225672.28
"1741",14594,2223005.07
"1742",4532,2215711.02
"1743",7586,2210562.51
"1744",11870,2205182.82
"1745",18487,2203653.6
"1746",9179,2202720.52
"1747",16500,2201185.31
"1748",3679,2200592.7
"1749",12803,2198295
"1750",18056,2196741.9
"1751",11396,2195645.64
"1752",5087,2194120.72
"1753",8067,2192048.64
"1754",15357,2191646.58
"1755",4491,2189713.5
"1756",208,2189046.8
"1757",10958,2188766.82
"1758",9126,2188410.5
"1759",15084,2184327.02
"1760",18850,2183309.52
"1761",3398,2180250
"1762",16137,2177318.76
"1763",211,2174808.96
"1764",18422,2174381
"1765",15840,2173510.4
"1766",19553,2173079.77
"1767",8221,2169992.16
"1768",17000,2169611.16
"1769",6755,2168505.15
"1770",10817,2167710.68
"1771",8327,2167650.6
"1772",543,2167368
"1773",4553,2163371.52
"1774",15019,2162288
"1775",334,2162178.48
"1776",8516,2161479.04
"1777",11349,2158941.88
"1778",3902,2157027.86
"1779",14731,2155302.24
"1780",326,2153380.08
"1781",11403,2151242.3
"1782",11657,2150446.08
"1783",9496,2149219.01
"1784",8110,2149120.13
"1785",5153,2148527.25
"1786",884,2148324.98
"1787",8637,2146185.1
"1788",2364,2145790.72
"1789",12386,2145001.47
"1790",10133,2144903.96
"1791",9895,2143324.8
"1792",13755,2142539.4
"1793",4327,2138501.4
"1794",3369,2137408.76
"1795",5815,2136985
"1796",19357,2132657.28
"1797",2675,2124158.72
"1798",17869,2123991.72
"1799",11702,2122132.99
"1800",17257,2117850.64
"1801",9952,2116686.32
"1802",3881,2111457.15
"1803",10951,2111185.58
"1804",2128,2109702.3
"1805",6699,2106578.4
"1806",3155,2103636.64
"1807",16649,2101956.2
"1808",15257,2100297.75
"1809",9978,2099566.56
"1810",16810,2098301.44
"1811",10653,2093388.7
"1812",10476,2092766.48
"1813",10883,2087495.28
"1814",9704,2086967.61
"1815",1119,2085182.84
"1816",19139,2079788.34
"1817",2144,2078391.14
"1818",9135,2076377.8
"1819",18548,2075584.32
"1820",10545,2075230.35
"1821",6220,2074341.72
"1822",8616,2072887.65
"1823",5230,2072161.74
"1824",13916,2070504.72
"1825",4299,2069922.96
"1826",894,2069688.16
"1827",17847,2063367.04
"1828",18879,2061902.25
"1829",13036,2061600.17
"1830",10606,2060492.4
"1831",9454,2060016.48
"1832",118,2059808.86
"1833",9601,2059715.76
"1834",13769,2057668.08
"1835",1987,2057289.27
"1836",13863,2055368
"1837",13562,2054754.24
"1838",1840,2054183.92
"1839",17995,2053221.9
"1840",17389,2051128.2
"1841",15168,2045987.49
"1842",2139,2045365.4
"1843",4024,2044243.1
"1844",8964,2041648.85
"1845",181,2040167.04
"1846",7628,2039548.92
"1847",3,2038846.09
"1848",15553,2036958.91
"1849",11355,2035405.6
"1850",13006,2034991.2
"1851",3091,2031393.51
"1852",1281,2030628.48
"1853",1408,2028621.66
"1854",18211,2024538.67
"1855",2287,2020754.32
"1856",6228,2019198.82
"1857",4362,2018495.25
"1858",10873,2013280.32
"1859",7383,2009581.92
"1860",1386,2006544.26
"1861",9820,2005815.76
"1862",18134,2003409.73
"1863",15727,2000654.5
"1864",157,2000148.16
"1865",19571,1999891.11
"1866",17728,1997944.4
"1867",5278,1996644.21
"1868",17737,1994653.76
"1869",10220,1989890.98
"1870",1397,1984509.22
"1871",6195,1983928.26
"1872",4270,1983726.95
"1873",16965,1983286.25
"1874",1683,1980638.64
"1875",13086,1978609.4
"1876",7124,1974039.38
"1877",5211,1973843.76
"1878",6794,1973149.47
"1879",257,1973035.44
"1880",6995,1968281.55
"1881",8447,1967292.7
"1882",15873,1967257.89
"1883",12862,1964014.13
"1884",8295,1961467.08
"1885",931,1958825.22
"1886",6876,1957359.48
"1887",1932,1954592.4
"1888",1061,1952688.06
"1889",18108,1951143.67
"1890",5138,1950861
"1891",12598,1950211.61
"1892",10829,1943924.62
"1893",11950,1941211
"1894",12076,1939323.96
"1895",2176,1938691.37
"1896",6616,1937401.88
"1897",5893,1934358.58
"1898",976,1933066.8
"1899",13173,1932557.52
"1900",14947,1929229.98
"1901",16857,1928814.8
"1902",13403,1928702.88
"1903",4819,1926969.68
"1904",13127,1926929.83
"1905",6871,1926787.68
"1906",15465,1925145.09
"1907",1131,1920005.5
"1908",11845,1913576.4
"1909",8364,1909122.2
"1910",16588,1904272.37
"1911",6759,1903906.29
"1912",11586,1901895.65
"1913",8145,1901787.66
"1914",17333,1897297.2
"1915",13290,1890633.75
"1916",6499,1887621
"1917",4881,1887535.92
"1918",7147,1886710.2
"1919",3883,1886567.78
"1920",18911,1885597.12
"1921",11336,1883573.6
"1922",8653,1883275.76
"1923",19476,1881492.48
"1924",14799,1880543.4
"1925",14491,1879219.92
"1926",11815,1877434.34
"1927",3173,1874302.1
"1928",7161,1873023.45
"1929",14631,1873015.3
"1930",4247,1869912.96
"1931",3568,1865824.4
"1932",1500,1865451.03
"1933",11833,1863665.23
"1934",495,1860771.3
"1935",6776,1855589.17
"1936",11374,1855221.12
"1937",5637,1853782.17
"1938",3597,1852826.8
"1939",981,1852083.6
"1940",16076,1850349.69
"1941",17597,1845420.95
"1942",19609,1843185.48
"1943",10997,1843072.02
"1944",3403,1842975
"1945",897,1842845.1
"1946",16697,1840630.68
"1947",17644,1840597.8
"1948",6485,1838812.02
"1949",5492,1836202.88
"1950",12038,1835075.06
"1951",9325,1832634.84
"1952",10637,1832347.44
"1953",11318,1830158.39
"1954",4357,1828730
"1955",18553,1826335.2
"1956",12623,1825950.85
"1957",961,1825869.6
"1958",1677,1821816.9
"1959",8211,1820432.52
"1960",19719,1819333.55
"1961",19663,1819074.35
"1962",16296,1818353.77
"1963",16527,1817834.42
"1964",4964,1815400.02
"1965",1769,1812929.2
"1966",13126,1808799.96
"1967",7854,1807608.06
"1968",18380,1803641.22
"1969",6584,1802346.98
"1970",7665,1801765.35
"1971",16553,1796146.78
"1972",17761,1795095.72
"1973",11179,1794890.3
"1974",15171,1794148.72
"1975",3018,1793183.88
"1976",15741,1788612
"1977",5331,1783901.35
"1978",9860,1775071.26
"1979",7984,1774302.75
"1980",15354,1774270.77
"1981",17884,1774212.44
"1982",16257,1771869.71
"1983",10696,1768645.2
"1984",2104,1767902.64
"1985",14465,1764946.4
"1986",10089,1764692.32
"1987",6719,1762699.54
"1988",3648,1760594.42
"1989",7241,1759913.59
"1990",11122,1757430.04
"1991",17019,1752560.65
"1992",13877,1744271.1
"1993",15325,1743826.26
"1994",17860,1739870.44
"1995",2236,1739795.8
"1996",4436,1738760.32
"1997",7701,1738670.4
"1998",8147,1736855.16
"1999",6676,1736341.44
"2000",19505,1735413.43
"2001",9885,1731366.26
"2002",2112,1725934.08
"2003",5330,1722196.98
"2004",3561,1720377.96
"2005",10104,1714419.16
"2006",16362,1712457.38
"2007",15573,1712365.44
"2008",15006,1711381.35
"2009",14629,1709942.05
"2010",9612,1709528.38
"2011",19910,1709211.15
"2012",13145,1708907.46
"2013",11494,1707973.68
"2014",15895,1706999.45
"2015",8239,1705479.1
"2016",2403,1705331.1
"2017",19436,1702706
"2018",3476,1702335.8
"2019",6828,1702292.08
"2020",771,1701589.5
"2021",8448,1700312.44
"2022",3755,1699047.03
"2023",13895,1698679.03
"2024",9785,1698056.37
"2025",6180,1695571.53
"2026",532,1694356.15
"2027",6741,1692552.42
"2028",19964,1692367.64
"2029",3747,1691244.6
"2030",3253,1690719.42
"2031",16119,1688339.25
"2032",7113,1681911
"2033",12368,1681219.8
"2034",16378,1679705.6
"2035",1393,1675545.35
"2036",11119,1675453.44
"2037",4469,1674023.49
"2038",6955,1672618.9
"2039",11579,1672345.32
"2040",19898,1671781.7
"2041",15351,1659204.3
"2042",6133,1658215.46
"2043",9110,1658054.68
"2044",2979,1656016.74
"2045",18764,1653708.48
"2046",8995,1653627.58
"2047",13096,1651408.67
"2048",15062,1650548.02
"2049",7924,1650202.4
"2050",10076,1647970.24
"2051",15859,1646036.28
"2052",17932,1642640.66
"2053",19694,1642089.5
"2054",13827,1642001.31
"2055",17963,1639689
"2056",10698,1635848.26
"2057",18003,1633530.78
"2058",8416,1633366.77
"2059",476,1631154.06
"2060",2806,1630782.8
"2061",12129,1628615.47
"2062",11215,1626624.7
"2063",14061,1624933.44
"2064",5956,1623586.1
"2065",9043,1622670.4
"2066",13287,1621980.36
"2067",11410,1621420.9
"2068",13990,1621268.2
"2069",12952,1619215.18
"2070",15181,1619088.68
"2071",9784,1618120.53
"2072",10733,1616168.88
"2073",16054,1614531.23
"2074",5864,1614397.83
"2075",1875,1611927
"2076",17381,1611664.8
"2077",14562,1607467.92
"2078",575,1605941.73
"2079",2005,1605591.72
"2080",4332,1605448.83
"2081",4653,1602596.3
"2082",15403,1601830.44
"2083",17430,1599681.42
"2084",4798,1593630.5
"2085",12991,1593321.52
"2086",15653,1593138.66
"2087",10066,1593049.06
"2088",8892,1592100.9
"2089",6708,1590159.12
"2090",9825,1589403.92
"2091",8271,1588475.41
"2092",17084,1584280.88
"2093",4003,1583631
"2094",869,1582643.16
"2095",16400,1582313.2
"2096",19088,1581708.56
"2097",6581,1581346.8
"2098",9481,1581048.6
"2099",6092,1580846.49
"2100",3624,1578777.3
"2101",6503,1578507.78
"2102",14557,1578280.96
"2103",2428,1577543.92
"2104",15513,1573560.21
"2105",4641,1573363.54
"2106",10152,1570213.6
"2107",5932,1566902.52
"2108",7482,1561323.5
"2109",13745,1558358.34
"2110",2251,1558274.7
"2111",9845,1558068.12
"2112",7603,1557388.2
"2113",1809,1553837.2
"2114",18128,1547643.36
"2115",8086,1543199.04
"2116",14948,1541721.57
"2117",16725,1540948.5
"2118",2999,1540317.66
"2119",8861,1540008.47
"2120",1964,1538815.25
"2121",19374,1537884.78
"2122",15428,1535994.36
"2123",7449,1534782.48
"2124",16884,1534509.16
"2125",10271,1534397.34
"2126",11782,1529963.22
"2127",8184,1529750.7
"2128",4560,1527433.24
"2129",4616,1525374.46
"2130",3814,1524077.04
"2131",17265,1523932.08
"2132",16520,1522906.28
"2133",10475,1518705.06
"2134",5094,1517317.83
"2135",8626,1515142.07
"2136",19895,1512286.68
"2137",19933,1506235.36
"2138",6854,1505626
"2139",13995,1505562.18
"2140",7102,1504945.67
"2141",9079,1501237.2
"2142",18329,1500146.9
"2143",3742,1496990.77
"2144",12395,1496904.43
"2145",12214,1496489.4
"2146",12298,1495554.3
"2147",4978,1495389.5
"2148",2927,1494280.1
"2149",2119,1494151.14
"2150",15143,1492039.75
"2151",14548,1487406.6
"2152",840,1486128.98
"2153",5902,1486097.28
"2154",10614,1482144.72
"2155",5895,1481356.8
"2156",15958,1480951.6
"2157",11408,1479948.96
"2158",8407,1474236
"2159",6243,1471007.85
"2160",10389,1469004.46
"2161",13871,1468938.64
"2162",19811,1464597.09
"2163",10495,1464290.49
"2164",4389,1463010.83
"2165",1311,1461703.36
"2166",17874,1459408.88
"2167",6597,1458761.87
"2168",19211,1456741.63
"2169",12879,1456178.24
"2170",8840,1455731.46
"2171",14755,1454890.6
"2172",16957,1454465.96
"2173",9257,1454388.76
"2174",5193,1454011.32
"2175",6884,1452474.6
"2176",19948,1452024
"2177",15076,1448395
"2178",16016,1447557.45
"2179",11693,1445839.68
"2180",6975,1440516.96
"2181",4290,1439768.46
"2182",18900,1438722.1
"2183",14383,1438477.92
"2184",15098,1435941.78
"2185",9322,1435282.8
"2186",458,1433040.45
"2187",10042,1432906.35
"2188",5052,1431900.9
"2189",6600,1431116.55
"2190",3630,1428665.04
"2191",9636,1428193.84
"2192",16511,1427308.74
"2193",4045,1427248.35
"2194",19562,1426348.82
"2195",8814,1425690.09
"2196",2616,1425178.04
"2197",4587,1425109.4
"2198",148,1424237.37
"2199",2712,1423780.26
"2200",10863,1423386.16
"2201",16096,1421942.09
"2202",18936,1421938.65
"2203",18327,1419872.92
"2204",11620,1419050.1
"2205",3740,1418609.85
"2206",3457,1418603.5
"2207",1185,1417637.47
"2208",8178,1417357.26
"2209",17791,1413293.13
"2210",13608,1411323.12
"2211",17849,1409613.5
"2212",6814,1406228.4
"2213",14022,1406138.04
"2214",14231,1403771.52
"2215",19546,1402854.6
"2216",19619,1402389.16
"2217",5609,1402302.54
"2218",5342,1401567.59
"2219",3084,1401096.1
"2220",5708,1400334.9
"2221",17998,1399862.45
"2222",19850,1397630.33
"2223",14004,1395443.1
"2224",13071,1394653.24
"2225",2797,1393747.58
"2226",2866,1392947.25
"2227",19809,1389067.68
"2228",13600,1380865.8
"2229",13614,1380654.36
"2230",5884,1380319.74
"2231",9404,1378623.66
"2232",10656,1376954.32
"2233",12324,1376502.4
"2234",7325,1375030.43
"2235",13295,1373987.34
"2236",11864,1373555.68
"2237",6987,1373481.51
"2238",8386,1371854.41
"2239",10916,1370374.32
"2240",12867,1369058.11
"2241",14668,1369040.34
"2242",13383,1367342.3
"2243",18572,1366953.96
"2244",1152,1366861.38
"2245",6015,1366452.18
"2246",3344,1366185.15
"2247",7889,1365521.92
"2248",13345,1364088.88
"2249",6276,1363421.62
"2250",8069,1361824.2
"2251",17509,1360892.49
"2252",15137,1358678.07
"2253",17163,1357391.52
"2254",4704,1356692.4
"2255",8609,1356578.19
"2256",12644,1356088.14
"2257",17141,1356022.38
"2258",11805,1354826.78
"2259",6386,1354187.22
"2260",3004,1352173.44
"2261",8634,1350211.8
"2262",4399,1349881.2
"2263",10362,1349411.34
"2264",1572,1348835.2
"2265",7359,1348224.1
"2266",11884,1346696.82
"2267",11671,1346424.15
"2268",5350,1346359.28
"2269",3119,1345996.48
"2270",5307,1345356
"2271",16117,1345045.12
"2272",8715,1342665.72
"2273",5398,1341179.28
"2274",7627,1338820.56
"2275",8457,1337714.68
"2276",4958,1334732.71
"2277",84,1334146.71
"2278",6932,1333235.36
"2279",757,1332921.07
"2280",4076,1332441
"2281",1751,1329112.32
"2282",15701,1327052.16
"2283",4119,1326549.9
"2284",1562,1325604.28
"2285",8741,1325517.6
"2286",1135,1325422.71
"2287",1002,1323418.65
"2288",5832,1323085.71
"2289",5368,1322793.96
"2290",5382,1322628.84
"2291",5616,1319082.26
"2292",2832,1318691.95
"2293",3895,1317858.44
"2294",8629,1317756.51
"2295",5709,1317058.68
"2296",18383,1316451.05
"2297",15797,1314806.64
"2298",1900,1313660.4
"2299",13882,1310455.86
"2300",6785,1309877.8
"2301",14855,1309280.76
"2302",7761,1308602.24
"2303",14268,1306810.4
"2304",6257,1306056.96
"2305",19002,1305509.52
"2306",5095,1303729.02
"2307",10320,1301657.58
"2308",7826,1299561.68
"2309",13359,1298717.14
"2310",7436,1298127.36
"2311",5644,1295055.77
"2312",11327,1290526.41
"2313",5277,1289329.65
"2314",15932,1286235.84
"2315",14322,1284809.36
"2316",144,1284270.12
"2317",3043,1281162.79
"2318",16788,1280955.34
"2319",17136,1280443.12
"2320",12560,1279117.95
"2321",13833,1278834.75
"2322",5414,1277893.26
"2323",12582,1277592.32
"2324",4644,1277535
"2325",14032,1277077.88
"2326",18325,1271719.68
"2327",7072,1271228.48
"2328",16868,1267469.42
"2329",8137,1267425.81
"2330",5976,1266206.85
"2331",14125,1265569.05
"2332",13299,1265287.55
"2333",18376,1264249.3
"2334",6157,1261759.92
"2335",5002,1261669.64
"2336",13368,1260918.6
"2337",15589,1260059.76
"2338",2149,1258981.44
"2339",9639,1256283.38
"2340",11689,1256027.92
"2341",9083,1245924.24
"2342",16231,1242625.65
"2343",5084,1242385.28
"2344",11634,1240760.18
"2345",15617,1239731.25
"2346",9865,1237181.62
"2347",14212,1236365.52
"2348",10325,1235223.36
"2349",19582,1235105.76
"2350",740,1234746.81
"2351",19231,1233623.1
"2352",16840,1233063.85
"2353",5703,1231744.33
"2354",5761,1229435.2
"2355",15630,1226611.62
"2356",10408,1224698.4
"2357",9177,1221942.51
"2358",13389,1221666.75
"2359",6104,1221577.92
"2360",9673,1218826.64
"2361",2707,1217124.48
"2362",18672,1214208.8
"2363",5112,1209590.2
"2364",6264,1208318.5
"2365",18496,1207881.75
"2366",10971,1207183.52
"2367",19059,1206729.9
"2368",431,1205938.44
"2369",3821,1201192.75
"2370",826,1200454.62
"2371",3317,1200440.9
"2372",19689,1198899.52
"2373",19641,1198797.99
"2374",6379,1197195.5
"2375",814,1194417.4
"2376",18643,1194000.78
"2377",11865,1193965.76
"2378",12393,1193896.8
"2379",9218,1193660.58
"2380",8674,1191881.32
"2381",8582,1191804.02
"2382",13084,1191508
"2383",18844,1190239.96
"2384",16061,1189935
"2385",6134,1185550.8
"2386",8628,1183245.6
"2387",8884,1181547.48
"2388",7697,1181032.5
"2389",9044,1180922.6
"2390",13257,1180158.57
"2391",8066,1178808.12
"2392",5876,1177376.8
"2393",14694,1177059.31
"2394",16062,1175391
"2395",9104,1175178.9
"2396",11600,1175091.06
"2397",10337,1172684.92
"2398",19188,1172349.78
"2399",8833,1171372.93
"2400",6895,1170602.07
"2401",14100,1168878.4
"2402",13538,1168554.28
"2403",3408,1166645.16
"2404",1860,1165673.68
"2405",13436,1164278.7
"2406",19325,1162733.7
"2407",7403,1161982
"2408",4882,1161404.81
"2409",13105,1161320.58
"2410",17880,1161256.02
"2411",19284,1160927.6
"2412",13476,1159035.15
"2413",18913,1158208.3
"2414",18523,1158135
"2415",12508,1157538.45
"2416",9090,1156362.64
"2417",17653,1154338.08
"2418",3926,1152652.52
"2419",10183,1148324.57
"2420",7556,1146268.14
"2421",16436,1142656.47
"2422",4741,1141614
"2423",15651,1141497.93
"2424",3183,1140081.36
"2425",9532,1139902.5
"2426",16403,1139306.37
"2427",2368,1137421.16
"2428",3889,1136395.5
"2429",2885,1135838.14
"2430",7851,1135110.76
"2431",16234,1135017.24
"2432",12746,1134531.04
"2433",2647,1132941.12
"2434",5373,1132158.01
"2435",10340,1132004.24
"2436",8873,1131949.28
"2437",1132,1131338.88
"2438",15594,1131328.62
"2439",4376,1130282.2
"2440",240,1126682.48
"2441",2231,1124447.15
"2442",929,1121383.92
"2443",11599,1119307.27
"2444",3765,1119093.5
"2445",17635,1118420.16
"2446",7119,1118285.08
"2447",15121,1117715.34
"2448",11858,1116963.54
"2449",16963,1116929.45
"2450",16356,1113648.98
"2451",6924,1112198.4
"2452",16223,1111257
"2453",18091,1110043.02
"2454",12628,1108954.8
"2455",16043,1108831.05
"2456",9402,1108290.48
"2457",708,1107084
"2458",4078,1105993.96
"2459",17593,1104713.4
"2460",12776,1104362.59
"2461",7583,1102813.53
"2462",14619,1102675.8
"2463",8842,1100110.26
"2464",4196,1099726.55
"2465",2019,1098178.64
"2466",6863,1097246.36
"2467",6489,1096503.07
"2468",2459,1094813.04
"2469",11964,1094485.02
"2470",3236,1093969.8
"2471",17647,1093809.15
"2472",17648,1093114.62
"2473",119,1092687.48
"2474",9626,1092080
"2475",9124,1091569.68
"2476",13175,1089851.76
"2477",2532,1088706.35
"2478",16083,1088295.39
"2479",8874,1086011.34
"2480",12872,1082970.3
"2481",19821,1082520.84
"2482",4800,1080389.7
"2483",18696,1079685.36
"2484",19545,1079184.33
"2485",13120,1077742.28
"2486",10588,1076203.83
"2487",17696,1075092.72
"2488",14651,1073222.23
"2489",903,1071146.76
"2490",5858,1070259.48
"2491",8302,1069504.8
"2492",18728,1069225.51
"2493",18026,1068569
"2494",19383,1066907.58
"2495",18690,1065930.9
"2496",5924,1065143.12
"2497",4880,1065011.75
"2498",12439,1064381.19
"2499",16529,1062371.7
"2500",19653,1057683.56
"2501",3136,1056810.44
"2502",18932,1056193.65
"2503",2124,1054160.52
"2504",16851,1052646.84
"2505",10123,1051624
"2506",5618,1048447.93
"2507",19851,1045187.85
"2508",16278,1044808.38
"2509",11479,1044276.22
"2510",13263,1042046.2
"2511",6041,1041123.38
"2512",7193,1040455.32
"2513",19408,1039430.01
"2514",11260,1036828.52
"2515",5179,1035633.44
"2516",1331,1034398
"2517",7706,1034249.4
"2518",8436,1033549.35
"2519",1801,1031886
"2520",4170,1031642.9
"2521",11827,1031139.39
"2522",17114,1027985.88
"2523",18278,1026583.11
"2524",1995,1025165.68
"2525",7667,1022980.15
"2526",6559,1021635.45
"2527",17488,1021612.13
"2528",16059,1019781.19
"2529",7633,1018782.57
"2530",10032,1016809.5
"2531",2899,1016438.76
"2532",14628,1016033.2
"2533",10126,1015846.78
"2534",3884,1014413.5
"2535",16913,1013604.4
"2536",18644,1010288.1
"2537",19870,1007919.36
"2538",18564,1007416.2
"2539",10179,1004920
"2540",883,1004650.68
"2541",3627,1004461.04
